{"controls":{"Frame0":[0.0,1353.0,1900.0,0.0],"NumFrames":1,"Repeating":true,"SecsPerFrame":0.07999999821186066},"controlswasd":{"Frame0":[3824.0,3895.0,5467.0,2723.0],"NumFrames":1,"Repeating":true,"SecsPerFrame":0.07999999821186066},"creditnames":{"Frame0":[1902.0,2711.0,3803.0,1354.0],"NumFrames":1,"Repeating":true,"SecsPerFrame":0.07999999821186066},"credits":{"Frame0":[0.0,2709.0,1900.0,1355.0],"NumFrames":1,"Repeating":true,"SecsPerFrame":0.07999999821186066},"play":{"Frame0":[1902.0,1353.0,3803.0,0.0],"NumFrames":1,"Repeating":true,"SecsPerFrame":0.07999999821186066}}