{"Empty":{"Frame0":[0.0,1.0,1.0,0.0],"NumFrames":1,"Repeating":true,"SecsPerFrame":0.1599999964237213},"Fill":{"Frame0":[0.0,300.0,185.0,0.0],"NumFrames":1,"Repeating":true,"SecsPerFrame":0.1599999964237213}}