{"Horizontal":{"Frame0":[1.0,65.0,65.0,1.0],"Frame1":[67.0,65.0,131.0,1.0],"NumFrames":2,"Repeating":true,"SecsPerFrame":0.1599999964237213},"Vertical":{"Frame0":[265.0,65.0,329.0,1.0],"Frame1":[331.0,65.0,395.0,1.0],"NumFrames":2,"Repeating":true,"SecsPerFrame":0.1599999964237213}}