{"Idle":{"Frame0":[1.0,65.0,65.0,1.0],"NumFrames":1,"Repeating":true,"SecsPerFrame":0.800000011920929},"WalkDown":{"Frame0":[67.0,65.0,131.0,1.0],"Frame1":[133.0,65.0,197.0,1.0],"Frame2":[199.0,65.0,263.0,1.0],"Frame3":[265.0,65.0,329.0,1.0],"NumFrames":4,"Repeating":true,"SecsPerFrame":0.1599999964237213},"WalkLeft":{"Frame0":[331.0,65.0,395.0,1.0],"Frame1":[397.0,65.0,461.0,1.0],"Frame2":[463.0,65.0,527.0,1.0],"Frame3":[529.0,65.0,593.0,1.0],"NumFrames":4,"Repeating":true,"SecsPerFrame":0.1599999964237213},"WalkRight":{"Frame0":[595.0,65.0,659.0,1.0],"Frame1":[661.0,65.0,725.0,1.0],"Frame2":[727.0,65.0,791.0,1.0],"Frame3":[793.0,65.0,857.0,1.0],"NumFrames":4,"Repeating":true,"SecsPerFrame":0.1599999964237213},"WalkUp":{"Frame0":[859.0,65.0,923.0,1.0],"Frame1":[925.0,65.0,989.0,1.0],"Frame2":[991.0,65.0,1055.0,1.0],"Frame3":[1057.0,65.0,1121.0,1.0],"NumFrames":4,"Repeating":true,"SecsPerFrame":0.1599999964237213}}