{"Heart1":{"Frame0":[331.0,65.0,395.0,1.0],"NumFrames":1,"Repeating":true,"SecsPerFrame":0.1599999964237213},"Heart2":{"Frame0":[265.0,65.0,329.0,1.0],"NumFrames":1,"Repeating":true,"SecsPerFrame":0.1599999964237213},"Heart3":{"Frame0":[199.0,65.0,263.0,1.0],"NumFrames":1,"Repeating":true,"SecsPerFrame":0.1599999964237213},"Heart4":{"Frame0":[133.0,65.0,197.0,1.0],"NumFrames":1,"Repeating":true,"SecsPerFrame":0.1599999964237213},"Heart5":{"Frame0":[67.0,65.0,131.0,1.0],"NumFrames":1,"Repeating":true,"SecsPerFrame":0.1599999964237213},"Heart6":{"Frame0":[1.0,65.0,65.0,1.0],"NumFrames":1,"Repeating":true,"SecsPerFrame":0.1599999964237213}}