{"0":{"Frame0":[66.0,21.0,125.0,3.0],"NumFrames":1,"Repeating":true,"SecsPerFrame":0.07999999821186066},"0.5":{"Frame0":[3.0,118.0,62.0,100.0],"NumFrames":1,"Repeating":true,"SecsPerFrame":0.07999999821186066},"1":{"Frame0":[3.0,99.0,62.0,81.0],"NumFrames":1,"Repeating":true,"SecsPerFrame":0.07999999821186066},"1.5":{"Frame0":[3.0,79.0,62.0,61.0],"NumFrames":1,"Repeating":true,"SecsPerFrame":0.07999999821186066},"2":{"Frame0":[4.0,59.0,63.0,41.0],"NumFrames":1,"Repeating":true,"SecsPerFrame":0.07999999821186066},"2.5":{"Frame0":[4.0,40.0,63.0,22.0],"NumFrames":1,"Repeating":true,"SecsPerFrame":0.07999999821186066},"3":{"Frame0":[4.0,21.0,62.0,4.0],"NumFrames":1,"Repeating":true,"SecsPerFrame":0.07999999821186066}}