{"AttackDown":{"Frame0":[1.0,65.0,65.0,1.0],"Frame1":[67.0,65.0,131.0,1.0],"NumFrames":2,"Repeating":true,"SecsPerFrame":0.1599999964237213},"AttackLeft":{"Frame0":[133.0,65.0,197.0,1.0],"Frame1":[199.0,65.0,263.0,1.0],"NumFrames":2,"Repeating":true,"SecsPerFrame":0.1599999964237213},"AttackRight":{"Frame0":[265.0,65.0,329.0,1.0],"Frame1":[331.0,65.0,395.0,1.0],"NumFrames":2,"Repeating":true,"SecsPerFrame":0.1599999964237213},"AttackUp":{"Frame0":[397.0,65.0,461.0,1.0],"Frame1":[463.0,65.0,527.0,1.0],"NumFrames":2,"Repeating":true,"SecsPerFrame":0.1599999964237213},"CastDown":{"Frame0":[529.0,65.0,593.0,1.0],"NumFrames":1,"Repeating":true,"SecsPerFrame":0.1599999964237213},"CastLeft":{"Frame0":[595.0,65.0,659.0,1.0],"NumFrames":1,"Repeating":true,"SecsPerFrame":0.1599999964237213},"CastRight":{"Frame0":[661.0,65.0,725.0,1.0],"NumFrames":1,"Repeating":true,"SecsPerFrame":0.1599999964237213},"CastUp":{"Frame0":[727.0,65.0,791.0,1.0],"NumFrames":1,"Repeating":true,"SecsPerFrame":0.1599999964237213},"Hurt":{"Frame0":[1057.0,65.0,1121.0,1.0],"NumFrames":1,"Repeating":true,"SecsPerFrame":0.1599999964237213},"Idle":{"Frame0":[1123.0,65.0,1187.0,1.0],"NumFrames":1,"Repeating":true,"SecsPerFrame":0.1599999964237213},"WalkDown":{"Frame0":[793.0,65.0,857.0,1.0],"Frame1":[859.0,65.0,923.0,1.0],"Frame2":[925.0,65.0,989.0,1.0],"Frame3":[991.0,65.0,1055.0,1.0],"NumFrames":4,"Repeating":true,"SecsPerFrame":0.1599999964237213},"WalkLeft":{"Frame0":[1189.0,65.0,1253.0,1.0],"Frame1":[1255.0,65.0,1319.0,1.0],"Frame2":[1321.0,65.0,1385.0,1.0],"Frame3":[1387.0,65.0,1451.0,1.0],"NumFrames":4,"Repeating":true,"SecsPerFrame":0.1599999964237213},"WalkRight":{"Frame0":[1453.0,65.0,1517.0,1.0],"Frame1":[1519.0,65.0,1583.0,1.0],"Frame2":[1585.0,65.0,1649.0,1.0],"Frame3":[1651.0,65.0,1715.0,1.0],"NumFrames":4,"Repeating":true,"SecsPerFrame":0.1599999964237213},"WalkUp":{"Frame0":[1717.0,65.0,1781.0,1.0],"Frame1":[1783.0,65.0,1847.0,1.0],"Frame2":[1849.0,65.0,1913.0,1.0],"Frame3":[1915.0,65.0,1979.0,1.0],"NumFrames":4,"Repeating":true,"SecsPerFrame":0.1599999964237213}}