{"ControlsMenu":{"Frame0":[1.0,1946.0,2732.0,1.0],"NumFrames":1,"Repeating":true,"SecsPerFrame":0.07999999821186066},"CreditsMenu":{"Frame0":[1.0,3894.0,2732.0,1949.0],"NumFrames":1,"Repeating":true,"SecsPerFrame":0.07999999821186066},"PlayMenu":{"Frame0":[2735.0,1946.0,5466.0,1.0],"NumFrames":1,"Repeating":true,"SecsPerFrame":0.07999999821186066}}