{"WalkDown":{"Frame0":[1.0,65.0,65.0,1.0],"Frame1":[67.0,65.0,131.0,1.0],"Frame2":[133.0,65.0,197.0,1.0],"Frame3":[199.0,65.0,263.0,1.0],"NumFrames":4,"Repeating":true,"SecsPerFrame":0.1599999964237213},"WalkRight":{"Frame0":[265.0,65.0,329.0,1.0],"Frame1":[331.0,65.0,395.0,1.0],"Frame2":[397.0,65.0,461.0,1.0],"Frame3":[463.0,65.0,527.0,1.0],"NumFrames":4,"Repeating":true,"SecsPerFrame":0.1599999964237213}}